{
  "id": "",
  "name": "",
  "font_family": "iconfont",
  "css_prefix_text": "icon-",
  "description": "",
  "glyphs": [
    {
      "icon_id": "1089295",
      "name": "点赞",
      "font_class": "buoumaotubiao15",
      "unicode": "e60e",
      "unicode_decimal": 58894
    },
    {
      "icon_id": "1272133",
      "name": "分享",
      "font_class": "fenxiang-1",
      "unicode": "e60b",
      "unicode_decimal": 58891
    },
    {
      "icon_id": "2380658",
      "name": "收藏",
      "font_class": "shoucang",
      "unicode": "e616",
      "unicode_decimal": 58902
    },
    {
      "icon_id": "7532874",
      "name": "评论",
      "font_class": "pinglun",
      "unicode": "e665",
      "unicode_decimal": 58981
    }
  ]
}
